{
  "project_info": {
    "project_number": "104914099219",
    "project_id": "travelapp-b5fe1",
    "storage_bucket": "travelapp-b5fe1.appspot.com"
  },
  "client": [
    {
      "client_info": {
        "mobilesdk_app_id": "1:104914099219:android:c79408a119dc4eb1b4b3e6",
        "android_client_info": {
          "package_name": "com.example.logregmod"
        }
      },
      "oauth_client": [
        {
          "client_id": "104914099219-r41tfakntsfrv859s5l1vup8rdfdceie.apps.googleusercontent.com",
          "client_type": 3
        }
      ],
      "api_key": [
        {
          "current_key": "AIzaSyCgv978Qi3vDjWWH4HkLOXQqziw8vYTAH4"
        }
      ],
      "services": {
        "appinvite_service": {
          "other_platform_oauth_client": [
            {
              "client_id": "104914099219-r41tfakntsfrv859s5l1vup8rdfdceie.apps.googleusercontent.com",
              "client_type": 3
            }
          ]
        }
      }
    },
    {
      "client_info": {
        "mobilesdk_app_id": "1:104914099219:android:ee77feff24928c92b4b3e6",
        "android_client_info": {
          "package_name": "com.example.mylogin"
        }
      },
      "oauth_client": [
        {
          "client_id": "104914099219-r41tfakntsfrv859s5l1vup8rdfdceie.apps.googleusercontent.com",
          "client_type": 3
        }
      ],
      "api_key": [
        {
          "current_key": "AIzaSyCgv978Qi3vDjWWH4HkLOXQqziw8vYTAH4"
        }
      ],
      "services": {
        "appinvite_service": {
          "other_platform_oauth_client": [
            {
              "client_id": "104914099219-r41tfakntsfrv859s5l1vup8rdfdceie.apps.googleusercontent.com",
              "client_type": 3
            }
          ]
        }
      }
    }
  ],
  "configuration_version": "1"
}